<?xml version="1.0" encoding="UTF-8"?>
<beans xmlns="http://www.springframework.org/schema/beans"
	xmlns:xsi="http://www.w3.org/2001/XMLSchema-instance" xmlns:context="http://www.springframework.org/schema/context"
	xmlns:p="http://www.springframework.org/schema/p" xmlns:batch="http://www.springframework.org/schema/batch"
	xmlns:tx="http://www.springframework.org/schema/tx"
	xsi:schemaLocation="http://www.springframework.org/schema/beans
http://www.springframework.org/schema/beans/spring-beans-3.0.xsd
http://www.springframework.org/schema/context
http://www.springframework.org/schema/context/spring-context-3.0.xsd
http://www.springframework.org/schema/batch
http://www.springframework.org/schema/batch/spring-batch.xsd
http://www.springframework.org/schema/tx
http://www.springframework.org/schema/tx/spring-tx-3.0.xsd">

	<description>DivaProjectReportJob.</description>

	<batch:job id="DIVA_PRJT_BATCH">

		<batch:step id="prepareReport">
			<batch:tasklet transaction-manager="transactionManager">
				<batch:chunk reader="readEligData" writer="generateReport"
					commit-interval="${batch.jdbc.commit.interval}">
				</batch:chunk>
				<batch:listeners>
					<batch:listener ref="batchExceptionListener" />
				</batch:listeners>
			</batch:tasklet>
		</batch:step>

	</batch:job>

	<bean id="readEligData" class="com.socgen.bip.divaPrjt.main.ReadEligDataReader"
		scope="step">
		<property name="divaDao" ref="divaPrjtDao"></property>
	</bean>

	<bean id="generateReport" class="com.socgen.bip.divaPrjt.main.GenerateReport"
		scope="step">
		<property name="reportOutPath" value="#{jobParameters[reportOutPath]}"></property>
		<property name="fileName" value="#{jobParameters[fileName]}"></property>
	</bean>


	<!-- Listener configurations -->
	<bean id="batchExceptionListener" class="com.socgen.bip.divaPrjt.listener.BatchExceptionListener"
		scope="step">
		<property name="batchExceptionDao" ref="batchException"></property>
	</bean>

	<bean id="divaPrjtDao" class="com.socgen.bip.divaPrjt.dao.impl.DivaPrjtDaoImpl">
		<!-- <property name="dataSource" ref="dataSource" /> -->
	</bean>

	<!-- Exception details -->
	<bean id="batchException" class="com.socgen.bip.divaPrjt.dao.impl.BatchExceptionDaoImpl">
		<property name="dataSource" ref="dataSource" />
	</bean>

	<bean id="jobRepository"
		class="org.springframework.batch.core.repository.support.MapJobRepositoryFactoryBean">
		<property name="transactionManager" ref="transactionManager" />
	</bean>

	<bean id="transactionManager"
		class="org.springframework.jdbc.datasource.DataSourceTransactionManager">
		<property name="dataSource" ref="dataSource" />
	</bean>
	
	<bean id="batchLauncher" class="com.socgen.bip.divaPrjt.main.DivaPrjtReportMain">
	</bean>

	<!-- class= "org.apache.commons.dbcp.BasicDataSource"> -->
	<bean id="dataSource"
		class="org.springframework.jdbc.datasource.DriverManagerDataSource"> 
		<property name="driverClassName" value="${batch.jdbc.driver}" />
		<property name="url" value="${batch.jdbc.url}" />
		<property name="username" value="${batch.jdbc.user}" />
		<property name="password" value="${batch.jdbc.password}" />
		<!-- <property name="defaultAutoCommit" value="false" />  -->
	</bean>


</beans>