<?xml version="1.0" encoding="UTF-8"?>
<beans xmlns="http://www.springframework.org/schema/beans"
	xmlns:xsi="http://www.w3.org/2001/XMLSchema-instance" xmlns:batch="http://www.springframework.org/schema/batch"
	xmlns:context="http://www.springframework.org/schema/context"
	xmlns:jdbc="http://www.springframework.org/schema/jdbc"
	xsi:schemaLocation="http://www.springframework.org/schema/beans
http://www.springframework.org/schema/beans/spring-beans-3.0.xsd
http://www.springframework.org/schema/context
http://www.springframework.org/schema/context/spring-context-3.0.xsd
http://www.springframework.org/schema/batch
http://www.springframework.org/schema/batch/spring-batch.xsd
http://www.springframework.org/schema/tx
http://www.springframework.org/schema/tx/spring-tx-3.0.xsd">

	<!-- <context:property-placeholder location="classpath:batch.properties" 
		/> -->

	<bean
		class="org.springframework.beans.factory.config.PropertyPlaceholderConfigurer">

		<property name="ignoreUnresolvablePlaceholders" value="true" />
		<property name="locations">
			<list>
				<value>classpath:resources.properties</value>
				<value>classpath:properties/db_config.properties</value>
			</list>
		</property>

	</bean>

	<context:component-scan base-package="com.socgen.bip" />


	<batch:job-repository id="jobRepository" />

	<import resource="classpath:/bip-divaPrjt-batch-context.xml" />


</beans>
