<assembly>
    <formats>
        <format>zip</format>
    </formats>
	<includeBaseDirectory>true</includeBaseDirectory>
    <fileSets>
        <fileSet>
            <directory>target/generated-packages</directory>
			<outputDirectory>packages</outputDirectory>
            <includes>
                <include>*.sql</include>
            </includes>
        </fileSet>
		<fileSet>
            <directory>plsql/deploy</directory>
			<outputDirectory>packages</outputDirectory>
            <includes>
                <include>*.sh</include>
				<include>*.sql</include>
            </includes>
			<fileMode>0755</fileMode>
        </fileSet>
		<fileSet>
            <directory>sql/10.12</directory>
			<outputDirectory>sql</outputDirectory>
            <includes>
                <include>*.sql</include>
            </includes>
        </fileSet>
		<fileSet>
            <directory>sql/deploy</directory>
			<outputDirectory>sql</outputDirectory>
            <includes>
                <include>*.sh</include>
            </includes>
			<fileMode>0755</fileMode>
			<lineEnding>unix</lineEnding>
        </fileSet>
    </fileSets>
</assembly>
