<assembly>
    <formats>
        <format>zip</format>
    </formats>
	<includeBaseDirectory>true</includeBaseDirectory>
    <fileSets>
        <fileSet>
            <directory>shell</directory>
			<outputDirectory>shell</outputDirectory>
            <includes>
                <include>*.*</include>
            </includes>
			<fileMode>0755</fileMode>
        </fileSet>
		<fileSet>
            <directory>load</directory>
			<outputDirectory>load</outputDirectory>
            <includes>
                <include>*.*</include>
            </includes>
			<fileMode>0755</fileMode>
        </fileSet>
		<fileSet>
            <directory>reports</directory>
			<outputDirectory>reports</outputDirectory>
            <includes>
                <include>*.*</include>
            </includes>
			<fileMode>0755</fileMode>
        </fileSet>
		<fileSet>
            <directory>Tableau</directory>
			<outputDirectory>Tableau</outputDirectory>
            <includes>
                <include>*.*</include>
            </includes>
			<fileMode>0755</fileMode>
        </fileSet>
		<fileSet>
            <directory>RBip</directory>
			<outputDirectory>RBip</outputDirectory>
            <includes>
                <include>**/*.*</include>
            </includes>
			<fileMode>0755</fileMode>
        </fileSet>
		<fileSet>
            <directory>env</directory>
			<outputDirectory>env</outputDirectory>
            <includes>
                <include>*.*</include>
            </includes>
			<fileMode>0755</fileMode>
        </fileSet>
		<fileSet>
            <directory>config</directory>
			<outputDirectory>config</outputDirectory>
            <includes>
                <include>*.*</include>
            </includes>
			<fileMode>0755</fileMode>
        </fileSet>
    </fileSets>
</assembly>